#,FirstName,LastName,Gender,Country,Age,Date,Id,count
1,,Abril,,"United States",32,15/10/2017,1562,63
2,Mara,Hashimoto,Female,"Great Britain",25,16/08/2016,1582,255
3,Philip,Gent,Male,France,36,21/05/2015,2587,255
4,Kathleen,Hanner,Female,"United States",25,15/10/2017,3549,255
5,Nereida,Magwood,Female,"United States",58,16/08/2016,2468,255
6,Gaston,Brumm,Male,"United States",24,21/05/2015,2554,255
7,Etta,Hurn,Female,"Great Britain",56,15/10/2017,3598,255
8,Earlean,Melgar,Female,"United States",27,16/08/2016,2456,255
9,,Weiland,Female,"United States",40,21/05/2015,6548,127
